site,url,emails,phones
Contact us - Ministry of Commerce | Government of Pakistan,https://www.commerce.gov.pk/contact-us/,mincom@commerce.gov.pk,+92 (051) 9208692;+92-51-9205745
Contact Us - Web Hoster,https://webhoster.pk/contact-us/,abuse@webhoster.pk;billing@webhoster.pk;sales@webhoster.pk;support@webhoster.pk,+92) 300 84 14 04;+924235786353
Contact Us – Phone Covers Pakistan,https://phonecovers.pk/pages/contact,info@phonecovers.pk,+92 314 1703929
"Contact Details of Webs, A Free Website Company in Pakistan",https://www.webs.com.pk/contactus.php,hr@webs.com.pk;sales@webs.com.pk;support@webs.com.pk,
Page not found - Made in Pakistan Movement,https://madeinpakistan.online/contact-us/,info@madeinpakistan.online,+92-300-2583-360;+92-321-8288-863;+92-333-555-9765
Contact Us - PKSoftwares,https://www.pksoftwares.com/contact-us/,business@pksoftwares.com;contact@pksoftwares.com;pksoftwares707@gmail.com,+92 346 066 0358;+923460660358
"Contact Us - Web Solution Provider, Karachi, Lahore, Islamabad , Pakistan",https://www.websolpro.com/contact-us.html,info@websolpro.com,+92 (300) 9225973;+92 (335) 2345111;+92-(300)-2000008;+92-(300)-9225973;+92-(335)-2345111
Business Online Pakistan - Find Local Services & Professionals,https://www.businessonline.pk/Home/Contactus,highperformancecomputingpk@gmail.com,
Contact us – SOS Pakistan,https://sospakistan.com/contact-us/,hello@sospakistan.net;islamabad@sospakistan.com,+92 42 111 900 777;+92 61 6526935;+92-42-111-900-777;+9242111900777
Contact us | Top Web Design Company in Pakistan | Expert Web Design Company,https://www.webdesigncompany.com.pk/contact-us/,,+92) 021-36315619;+92) 021-36685464;+92) 313-9021121;+92) 345-2851523
